﻿{"cameraMode":{"drawMode":0,"name":"Shaded","section":"Shading Mode"},"sceneLighting":true,"audioPlay":false,"sceneViewState":{"showFog":true,"showMaterialUpdate":false,"showSkybox":true,"showFlares":true,"showImageEffects":true,"showParticleSystems":true},"in2DMode":false,"pivot":{"x":-3.488459587097168,"y":-0.9474668502807617,"z":4.257561206817627},"rotation":{"x":-0.25687602162361147,"y":0.6409754753112793,"z":-0.2414894998073578,"w":-0.6818049550056458},"size":17.015514373779298,"orthographic":false}